{"val_loss": [0.14385200381278992, 0.11144110884269079, 0.093561071763436, 0.08580059219896793, 0.07782844109833241, 0.07711504599948724, 0.07106916494170824, 0.06856505205233891, 0.06683119640002648, 0.06435186420381069, 0.06398990722497304, 0.06441171893974146, 0.06125428288057447, 0.05732398144776622, 0.058505117473502954, 0.05662460263321797, 0.05624297918130954, 0.055866982080042364, 0.054357867003728945, 0.05411545742675662], "val_acc": [0.9579166668256124, 0.9672499998410543, 0.973166666507721, 0.9745833331743876, 0.9770833331743877, 0.9768333334922791, 0.9790833331743876, 0.9794999998410543, 0.9797499998410543, 0.9809999998410542, 0.980166666507721, 0.9814999998410543, 0.9816666665077209, 0.9827499998410543, 0.983166666507721, 0.9830833331743876, 0.982416666507721, 0.9832499998410543, 0.983416666507721, 0.9836666665077209], "loss": [0.5804743567705154, 0.2508711681962013, 0.21165900502602258, 0.18225653861959776, 0.16619167605042456, 0.1560406339764595, 0.14851887631416322, 0.14036974356571832, 0.1338829169869423, 0.1307119256556034, 0.1248729543487231, 0.12224140590429305, 0.11707290015121301, 0.11707829694946607, 0.1148231948763132, 0.112073988199234, 0.10795777321358521, 0.10558246475458145, 0.10421098066866398, 0.10150610309839249], "acc": [0.8119375, 0.9242083333333333, 0.9355416666666667, 0.9448541666666667, 0.9509791666666667, 0.95275, 0.954875, 0.9577708333333333, 0.9582708333333333, 0.9606458333333333, 0.9625208333333334, 0.96325, 0.9638958333333333, 0.9645833333333333, 0.9654791666666667, 0.9655416666666666, 0.96775, 0.9677083333333333, 0.9684583333333333, 0.9686458333333333]}